Product_ID,Product_Name,Category,Store_ID,Store_Name,Current_Price,Competitor_Price,Recommended_Price,Price_Change_Percent,Competitor_Gap_Percent,Current_Predicted_Demand,Recommended_Predicted_Demand,Demand_Change_Percent,Current_Expected_Revenue,Recommended_Expected_Revenue,Revenue_Improvement_Percent,Unit_Cost,Current_Expected_Profit,Recommended_Expected_Profit,Confidence_Level,Confidence_Rationale,Recommendation_Reason,Guardrail_Status,Profit_Lift_Percent
PROD_01,Wireless Noise-Canceling Headphones,Electronics,STORE_01,Delhi Flagship Metro,2999.0,3257.52,3268.91,9.0,0.35,76.98,73.18,-4.94,230863.6,239211.13,3.62,1753.43,95884.22,110899.26,MEDIUM,High historical observation density (>100); Candidate price requires extrapolation outside observed envelope; Demand model demonstrated high validation explanatory power (R²=0.85),"Price increase to INR 3268.91 captures margin while keeping competitor gap at 0.3%, yielding expected revenue lift of +3.62%.",PASSED,15.66
PROD_01,Wireless Noise-Canceling Headphones,Electronics,STORE_02,Bengaluru Tech Park Store,2999.0,2950.15,3088.97,3.0,4.71,66.44,65.26,-1.78,199255.63,201577.28,1.17,1753.43,82756.53,87153.49,HIGH,High historical observation density (>100); Candidate price falls within observed empirical distribution; Demand model demonstrated high validation explanatory power (R²=0.85),"Price increase to INR 3088.97 captures margin while keeping competitor gap at 4.7%, yielding expected revenue lift of +1.17%.",PASSED,5.31
PROD_01,Wireless Noise-Canceling Headphones,Electronics,STORE_03,Mumbai High Street Mall,2999.0,3192.84,3268.91,9.0,2.38,84.26,81.96,-2.73,252703.96,267932.33,6.03,1753.43,104955.14,124214.52,MEDIUM,High historical observation density (>100); Candidate price requires extrapolation outside observed envelope; Demand model demonstrated high validation explanatory power (R²=0.85),"Price increase to INR 3268.91 captures margin while keeping competitor gap at 2.4%, yielding expected revenue lift of +6.03%.",PASSED,18.35
PROD_01,Wireless Noise-Canceling Headphones,Electronics,STORE_04,Kolkata City Center,2699.1,3211.16,2942.02,9.0,-8.38,82.41,81.57,-1.02,222421.1,239977.74,7.89,1753.43,77928.55,96952.14,HIGH,High historical observation density (>100); Candidate price falls within observed empirical distribution; Demand model demonstrated high validation explanatory power (R²=0.85),"Price increase to INR 2942.02 captures margin while keeping competitor gap at -8.4%, yielding expected revenue lift of +7.89%.",PASSED,24.41
PROD_02,Smart Fitness Watch,Electronics,STORE_01,Delhi Flagship Metro,4274.05,4515.92,4701.45,10.0,4.11,61.59,61.47,-0.19,263258.6,288995.39,9.78,2577.31,104510.1,130569.65,HIGH,High historical observation density (>100); Candidate price falls within observed empirical distribution; Demand model demonstrated high validation explanatory power (R²=0.85),"Price increase to INR 4701.45 captures margin while keeping competitor gap at 4.1%, yielding expected revenue lift of +9.78%.",PASSED,24.93
PROD_02,Smart Fitness Watch,Electronics,STORE_02,Bengaluru Tech Park Store,4049.1,4424.25,4424.25,9.27,0.0,65.71,65.36,-0.53,266055.76,289174.82,8.69,2577.31,96707.47,120718.44,HIGH,High historical observation density (>100); Candidate price falls within observed empirical distribution; Demand model demonstrated high validation explanatory power (R²=0.85),"Price increase to INR 4424.25 captures margin while keeping competitor gap at 0.0%, yielding expected revenue lift of +8.69%.",PASSED,24.83
PROD_02,Smart Fitness Watch,Electronics,STORE_03,Mumbai High Street Mall,4499.0,4556.85,4768.94,6.0,4.65,51.23,50.31,-1.8,230481.18,239947.03,4.11,2577.31,98447.07,110270.86,MEDIUM,High historical observation density (>100); Candidate price requires extrapolation outside observed envelope; Demand model demonstrated high validation explanatory power (R²=0.85),"Price increase to INR 4768.94 captures margin while keeping competitor gap at 4.7%, yielding expected revenue lift of +4.11%.",PASSED,12.01
PROD_02,Smart Fitness Watch,Electronics,STORE_04,Kolkata City Center,4274.05,4654.81,4701.45,10.0,1.0,48.05,47.67,-0.79,205383.98,224135.06,9.13,2577.31,81534.66,101265.41,HIGH,High historical observation density (>100); Candidate price falls within observed empirical distribution; Demand model demonstrated high validation explanatory power (R²=0.85),"Price increase to INR 4701.45 captures margin while keeping competitor gap at 1.0%, yielding expected revenue lift of +9.13%.",PASSED,24.2
PROD_03,Portable Bluetooth Speaker,Electronics,STORE_01,Delhi Flagship Metro,1499.0,1443.26,1513.99,1.0,4.9,99.03,99.14,0.11,148448.44,150094.52,1.11,850.55,64217.07,65772.37,HIGH,High historical observation density (>100); Candidate price falls within observed empirical distribution; Demand model demonstrated high validation explanatory power (R²=0.85),"Price increase to INR 1513.99 captures margin while keeping competitor gap at 4.9%, yielding expected revenue lift of +1.11%.",PASSED,2.42
PROD_03,Portable Bluetooth Speaker,Electronics,STORE_02,Bengaluru Tech Park Store,1499.0,1489.29,1558.96,4.0,4.68,83.12,81.5,-1.95,124596.11,127057.13,1.98,850.55,53898.83,57736.27,HIGH,High historical observation density (>100); Candidate price falls within observed empirical distribution; Demand model demonstrated high validation explanatory power (R²=0.85),"Price increase to INR 1558.96 captures margin while keeping competitor gap at 4.7%, yielding expected revenue lift of +1.98%.",PASSED,7.12
PROD_03,Portable Bluetooth Speaker,Electronics,STORE_03,Mumbai High Street Mall,1499.0,1561.2,1633.91,9.0,4.66,103.59,100.94,-2.56,155288.79,164925.57,6.21,850.55,67176.13,79071.73,MEDIUM,High historical observation density (>100); Candidate price requires extrapolation outside observed envelope; Demand model demonstrated high validation explanatory power (R²=0.85),"Price increase to INR 1633.91 captures margin while keeping competitor gap at 4.7%, yielding expected revenue lift of +6.21%.",PASSED,17.71
PROD_03,Portable Bluetooth Speaker,Electronics,STORE_04,Kolkata City Center,1499.0,1572.18,1633.91,9.0,3.93,70.42,68.19,-3.17,105553.23,111416.64,5.55,850.55,45661.1,53417.47,MEDIUM,High historical observation density (>100); Candidate price requires extrapolation outside observed envelope; Demand model demonstrated high validation explanatory power (R²=0.85),"Price increase to INR 1633.91 captures margin while keeping competitor gap at 3.9%, yielding expected revenue lift of +5.55%.",PASSED,16.99
PROD_04,Fast-Charging 20000mAh Power Bank,Electronics,STORE_01,Delhi Flagship Metro,959.04,1087.81,1054.94,10.0,-3.02,134.9,131.09,-2.82,129374.61,138288.93,6.89,554.5,54572.5,65601.19,MEDIUM,High historical observation density (>100); Candidate price requires extrapolation outside observed envelope; Demand model demonstrated high validation explanatory power (R²=0.85),"Price increase to INR 1054.94 captures margin while keeping competitor gap at -3.0%, yielding expected revenue lift of +6.89%.",PASSED,20.21
PROD_04,Fast-Charging 20000mAh Power Bank,Electronics,STORE_02,Bengaluru Tech Park Store,899.1,938.72,980.02,9.0,4.4,164.86,159.89,-3.01,148229.14,156696.16,5.71,554.5,56812.1,68036.72,HIGH,High historical observation density (>100); Candidate price falls within observed empirical distribution; Demand model demonstrated high validation explanatory power (R²=0.85),"Price increase to INR 980.02 captures margin while keeping competitor gap at 4.4%, yielding expected revenue lift of +5.71%.",PASSED,19.76
PROD_04,Fast-Charging 20000mAh Power Bank,Electronics,STORE_03,Mumbai High Street Mall,999.0,963.53,1008.99,1.0,4.72,118.55,119.68,0.95,118434.02,120751.14,1.96,554.5,52696.62,54391.21,HIGH,High historical observation density (>100); Candidate price falls within observed empirical distribution; Demand model demonstrated high validation explanatory power (R²=0.85),"Price increase to INR 1008.99 captures margin while keeping competitor gap at 4.7%, yielding expected revenue lift of +1.96%.",PASSED,3.22
PROD_04,Fast-Charging 20000mAh Power Bank,Electronics,STORE_04,Kolkata City Center,999.0,1021.0,1068.93,7.0,4.69,95.95,94.17,-1.86,95857.03,100656.8,5.01,554.5,42651.1,48441.79,MEDIUM,High historical observation density (>100); Candidate price requires extrapolation outside observed envelope; Demand model demonstrated high validation explanatory power (R²=0.85),"Price increase to INR 1068.93 captures margin while keeping competitor gap at 4.7%, yielding expected revenue lift of +5.01%.",PASSED,13.58
PROD_05,Organic Basmati Rice 5kg,Groceries,STORE_01,Delhi Flagship Metro,450.0,453.93,472.5,5.0,4.09,183.65,183.3,-0.19,82644.23,86607.13,4.8,334.08,21289.16,25371.76,HIGH,High historical observation density (>100); Candidate price falls within observed empirical distribution; Demand model demonstrated high validation explanatory power (R²=0.85),"Price increase to INR 472.50 captures margin while keeping competitor gap at 4.1%, yielding expected revenue lift of +4.80%.",PASSED,19.18
PROD_05,Organic Basmati Rice 5kg,Groceries,STORE_02,Bengaluru Tech Park Store,427.5,446.53,465.97,9.0,4.35,230.33,232.67,1.02,98466.84,108419.29,10.11,334.08,21517.6,30687.43,HIGH,High historical observation density (>100); Candidate price falls within observed empirical distribution; Demand model demonstrated high validation explanatory power (R²=0.85),"Price increase to INR 465.97 captures margin while keeping competitor gap at 4.3%, yielding expected revenue lift of +10.11%.",PASSED,42.62
PROD_05,Organic Basmati Rice 5kg,Groceries,STORE_03,Mumbai High Street Mall,405.0,470.28,445.5,10.0,-5.27,252.57,248.55,-1.59,102290.38,110730.57,8.25,334.08,17912.18,27693.83,HIGH,High historical observation density (>100); Candidate price falls within observed empirical distribution; Demand model demonstrated high validation explanatory power (R²=0.85),"Price increase to INR 445.50 captures margin while keeping competitor gap at -5.3%, yielding expected revenue lift of +8.25%.",PASSED,54.61
PROD_05,Organic Basmati Rice 5kg,Groceries,STORE_04,Kolkata City Center,441.0,432.53,445.41,1.0,2.98,131.43,130.67,-0.58,57960.76,58202.21,0.42,334.08,14052.53,14547.61,HIGH,High historical observation density (>100); Candidate price falls within observed empirical distribution; Demand model demonstrated high validation explanatory power (R²=0.85),"Price increase to INR 445.41 captures margin while keeping competitor gap at 3.0%, yielding expected revenue lift of +0.42%.",PASSED,3.52
PROD_06,Extra Virgin Olive Oil 1L,Groceries,STORE_01,Delhi Flagship Metro,850.0,819.0,858.5,1.0,4.82,80.77,80.23,-0.67,68655.75,68875.37,0.32,606.79,19644.43,20194.08,HIGH,High historical observation density (>100); Candidate price falls within observed empirical distribution; Demand model demonstrated high validation explanatory power (R²=0.85),"Price increase to INR 858.50 captures margin while keeping competitor gap at 4.8%, yielding expected revenue lift of +0.32%.",PASSED,2.8
PROD_06,Extra Virgin Olive Oil 1L,Groceries,STORE_02,Bengaluru Tech Park Store,816.0,892.76,892.76,9.41,0.0,74.65,74.41,-0.32,60917.74,66428.76,9.05,606.79,15618.38,21278.55,MEDIUM,High historical observation density (>100); Candidate price requires extrapolation outside observed envelope; Demand model demonstrated high validation explanatory power (R²=0.85),"Price increase to INR 892.76 captures margin while keeping competitor gap at 0.0%, yielding expected revenue lift of +9.05%.",PASSED,36.24
PROD_06,Extra Virgin Olive Oil 1L,Groceries,STORE_03,Mumbai High Street Mall,850.0,847.61,884.0,4.0,4.29,85.82,86.61,0.92,72947.37,76563.3,4.96,606.79,20872.39,24009.18,HIGH,High historical observation density (>100); Candidate price falls within observed empirical distribution; Demand model demonstrated high validation explanatory power (R²=0.85),"Price increase to INR 884.00 captures margin while keeping competitor gap at 4.3%, yielding expected revenue lift of +4.96%.",PASSED,15.03
PROD_06,Extra Virgin Olive Oil 1L,Groceries,STORE_04,Kolkata City Center,850.0,881.8,918.0,8.0,4.11,55.93,55.88,-0.09,47537.46,51293.45,7.9,606.79,13601.87,17388.92,MEDIUM,High historical observation density (>100); Candidate price requires extrapolation outside observed envelope; Demand model demonstrated high validation explanatory power (R²=0.85),"Price increase to INR 918.00 captures margin while keeping competitor gap at 4.1%, yielding expected revenue lift of +7.90%.",PASSED,27.84
PROD_07,Premium Arabica Coffee Beans 500g,Groceries,STORE_01,Delhi Flagship Metro,599.0,588.34,616.97,3.0,4.87,111.89,111.1,-0.71,67024.34,68545.54,2.27,407.89,21384.01,23228.85,HIGH,High historical observation density (>100); Candidate price falls within observed empirical distribution; Demand model demonstrated high validation explanatory power (R²=0.85),"Price increase to INR 616.97 captures margin while keeping competitor gap at 4.9%, yielding expected revenue lift of +2.27%.",PASSED,8.63
PROD_07,Premium Arabica Coffee Beans 500g,Groceries,STORE_02,Bengaluru Tech Park Store,509.15,625.95,549.88,8.0,-12.15,167.72,163.78,-2.35,85394.03,90057.24,5.46,407.89,16983.2,23254.58,HIGH,High historical observation density (>100); Candidate price falls within observed empirical distribution; Demand model demonstrated high validation explanatory power (R²=0.85),"Price increase to INR 549.88 captures margin while keeping competitor gap at -12.2%, yielding expected revenue lift of +5.46%.",PASSED,36.93
PROD_07,Premium Arabica Coffee Beans 500g,Groceries,STORE_03,Mumbai High Street Mall,599.0,621.76,640.93,7.0,3.08,112.32,111.85,-0.42,67280.25,71689.29,6.55,407.89,21465.66,26065.99,MEDIUM,High historical observation density (>100); Candidate price requires extrapolation outside observed envelope; Demand model demonstrated high validation explanatory power (R²=0.85),"Price increase to INR 640.93 captures margin while keeping competitor gap at 3.1%, yielding expected revenue lift of +6.55%.",PASSED,21.43
PROD_07,Premium Arabica Coffee Beans 500g,Groceries,STORE_04,Kolkata City Center,599.0,578.7,604.99,1.0,4.54,80.03,79.3,-0.91,47935.58,47975.39,0.08,407.89,15293.77,15629.92,HIGH,High historical observation density (>100); Candidate price falls within observed empirical distribution; Demand model demonstrated high validation explanatory power (R²=0.85),"Price increase to INR 604.99 captures margin while keeping competitor gap at 4.5%, yielding expected revenue lift of +0.08%.",PASSED,2.2
PROD_08,Almond & Oat Milk 1L Pack of 3,Groceries,STORE_01,Delhi Flagship Metro,323.0,386.62,352.07,9.0,-8.94,184.26,183.11,-0.62,59517.59,64468.9,8.32,268.46,10049.81,15310.15,HIGH,High historical observation density (>100); Candidate price falls within observed empirical distribution; Demand model demonstrated high validation explanatory power (R²=0.85),"Price increase to INR 352.07 captures margin while keeping competitor gap at -8.9%, yielding expected revenue lift of +8.32%.",PASSED,52.34
PROD_08,Almond & Oat Milk 1L Pack of 3,Groceries,STORE_02,Bengaluru Tech Park Store,380.0,338.72,353.4,-7.0,4.33,130.4,128.81,-1.22,49550.51,45519.78,-8.13,268.46,14544.38,10940.72,HIGH,High historical observation density (>100); Candidate price falls within observed empirical distribution; Demand model demonstrated high validation explanatory power (R²=0.85),"Price reduction to INR 353.40 stimulates demand volume (128.81 units), driving expected revenue lift of +-8.13%.",PASSED,-24.78
PROD_08,Almond & Oat Milk 1L Pack of 3,Groceries,STORE_03,Mumbai High Street Mall,361.0,368.33,386.27,7.0,4.87,180.25,179.33,-0.51,65070.83,69269.56,6.45,268.46,16680.48,21126.79,HIGH,High historical observation density (>100); Candidate price falls within observed empirical distribution; Demand model demonstrated high validation explanatory power (R²=0.85),"Price increase to INR 386.27 captures margin while keeping competitor gap at 4.9%, yielding expected revenue lift of +6.45%.",PASSED,26.66
PROD_08,Almond & Oat Milk 1L Pack of 3,Groceries,STORE_04,Kolkata City Center,380.0,373.01,391.4,3.0,4.93,105.11,105.16,0.05,39940.77,41158.06,3.05,268.46,11723.66,12927.88,HIGH,High historical observation density (>100); Candidate price falls within observed empirical distribution; Demand model demonstrated high validation explanatory power (R²=0.85),"Price increase to INR 391.40 captures margin while keeping competitor gap at 4.9%, yielding expected revenue lift of +3.05%.",PASSED,10.27
PROD_09,Breathable Running Shoes,Apparel,STORE_01,Delhi Flagship Metro,2499.0,2487.49,2598.96,4.0,4.48,58.87,58.7,-0.29,147106.27,152546.73,3.7,1352.31,67501.12,73172.49,HIGH,High historical observation density (>100); Candidate price falls within observed empirical distribution; Demand model demonstrated high validation explanatory power (R²=0.85),"Price increase to INR 2598.96 captures margin while keeping competitor gap at 4.5%, yielding expected revenue lift of +3.70%.",PASSED,8.4
PROD_09,Breathable Running Shoes,Apparel,STORE_02,Bengaluru Tech Park Store,2499.0,2609.32,2723.91,9.0,4.39,57.71,57.2,-0.88,144210.21,155817.09,8.05,1352.31,66172.23,78460.27,MEDIUM,High historical observation density (>100); Candidate price requires extrapolation outside observed envelope; Demand model demonstrated high validation explanatory power (R²=0.85),"Price increase to INR 2723.91 captures margin while keeping competitor gap at 4.4%, yielding expected revenue lift of +8.05%.",PASSED,18.57
PROD_09,Breathable Running Shoes,Apparel,STORE_03,Mumbai High Street Mall,2399.04,2430.67,2542.98,6.0,4.62,67.75,67.74,-0.01,162527.46,172257.27,5.99,1352.31,70912.69,80654.02,HIGH,High historical observation density (>100); Candidate price falls within observed empirical distribution; Demand model demonstrated high validation explanatory power (R²=0.85),"Price increase to INR 2542.98 captures margin while keeping competitor gap at 4.6%, yielding expected revenue lift of +5.99%.",PASSED,13.74
PROD_09,Breathable Running Shoes,Apparel,STORE_04,Kolkata City Center,2499.0,2373.57,2474.01,-1.0,4.23,42.86,42.93,0.16,107108.88,106199.28,-0.85,1352.31,49147.93,48150.06,HIGH,High historical observation density (>100); Candidate price falls within observed empirical distribution; Demand model demonstrated high validation explanatory power (R²=0.85),"Price reduction to INR 2474.01 stimulates demand volume (42.93 units), driving expected revenue lift of +-0.85%.",PASSED,-2.03
PROD_10,Classic Denim Jacket,Apparel,STORE_01,Delhi Flagship Metro,1799.1,1976.3,1976.3,9.85,0.0,85.95,85.91,-0.05,154631.32,169785.4,9.8,1090.26,60924.27,76120.35,HIGH,High historical observation density (>100); Candidate price falls within observed empirical distribution; Demand model demonstrated high validation explanatory power (R²=0.85),"Price increase to INR 1976.30 captures margin while keeping competitor gap at 0.0%, yielding expected revenue lift of +9.80%.",PASSED,24.94
PROD_10,Classic Denim Jacket,Apparel,STORE_02,Bengaluru Tech Park Store,1599.2,1994.69,1567.22,-2.0,-21.43,89.47,96.67,8.05,143081.33,151497.77,5.88,1090.26,45535.15,46106.08,HIGH,High historical observation density (>100); Candidate price falls within observed empirical distribution; Demand model demonstrated high validation explanatory power (R²=0.85),"Price reduction to INR 1567.22 stimulates demand volume (96.67 units), driving expected revenue lift of +5.88%.",PASSED,1.25
PROD_10,Classic Denim Jacket,Apparel,STORE_03,Mumbai High Street Mall,1499.25,1853.17,1634.18,9.0,-11.82,112.44,105.27,-6.38,168575.03,172022.19,2.04,1090.26,45986.66,57255.81,HIGH,High historical observation density (>100); Candidate price falls within observed empirical distribution; Demand model demonstrated high validation explanatory power (R²=0.85),"Price increase to INR 1634.18 captures margin while keeping competitor gap at -11.8%, yielding expected revenue lift of +2.04%.",PASSED,24.51
PROD_10,Classic Denim Jacket,Apparel,STORE_04,Kolkata City Center,1799.1,1859.18,1943.03,8.0,4.51,56.69,56.27,-0.74,101989.16,109337.63,7.21,1090.26,40183.42,47986.83,HIGH,High historical observation density (>100); Candidate price falls within observed empirical distribution; Demand model demonstrated high validation explanatory power (R²=0.85),"Price increase to INR 1943.03 captures margin while keeping competitor gap at 4.5%, yielding expected revenue lift of +7.21%.",PASSED,19.42
PROD_11,Organic Cotton Crew-Neck T-Shirt,Apparel,STORE_01,Delhi Flagship Metro,629.1,662.75,692.01,10.0,4.41,248.84,244.18,-1.87,156547.57,168973.97,7.94,339.8,71990.48,86002.11,HIGH,High historical observation density (>100); Candidate price falls within observed empirical distribution; Demand model demonstrated high validation explanatory power (R²=0.85),"Price increase to INR 692.01 captures margin while keeping competitor gap at 4.4%, yielding expected revenue lift of +7.94%.",PASSED,19.46
PROD_11,Organic Cotton Crew-Neck T-Shirt,Apparel,STORE_02,Bengaluru Tech Park Store,699.0,698.7,726.96,4.0,4.04,160.8,158.1,-1.68,112401.21,114930.61,2.25,339.8,57760.39,61209.06,HIGH,High historical observation density (>100); Candidate price falls within observed empirical distribution; Demand model demonstrated high validation explanatory power (R²=0.85),"Price increase to INR 726.96 captures margin while keeping competitor gap at 4.0%, yielding expected revenue lift of +2.25%.",PASSED,5.97
PROD_11,Organic Cotton Crew-Neck T-Shirt,Apparel,STORE_03,Mumbai High Street Mall,664.05,742.98,730.45,10.0,-1.69,255.66,246.95,-3.41,169772.19,180387.34,6.25,339.8,82898.32,96472.47,HIGH,High historical observation density (>100); Candidate price falls within observed empirical distribution; Demand model demonstrated high validation explanatory power (R²=0.85),"Price increase to INR 730.45 captures margin while keeping competitor gap at -1.7%, yielding expected revenue lift of +6.25%.",PASSED,16.37
PROD_11,Organic Cotton Crew-Neck T-Shirt,Apparel,STORE_04,Kolkata City Center,664.05,706.29,717.17,8.0,1.54,171.29,168.41,-1.68,113745.82,120775.99,6.18,339.8,55541.12,63551.51,HIGH,High historical observation density (>100); Candidate price falls within observed empirical distribution; Demand model demonstrated high validation explanatory power (R²=0.85),"Price increase to INR 717.17 captures margin while keeping competitor gap at 1.5%, yielding expected revenue lift of +6.18%.",PASSED,14.42
PROD_12,High-Waist Performance Yoga Pants,Apparel,STORE_01,Delhi Flagship Metro,1299.0,1332.97,1389.93,7.0,4.27,94.96,95.36,0.42,123350.16,132548.72,7.46,715.9,55369.88,64277.92,MEDIUM,High historical observation density (>100); Candidate price requires extrapolation outside observed envelope; Demand model demonstrated high validation explanatory power (R²=0.85),"Price increase to INR 1389.93 captures margin while keeping competitor gap at 4.3%, yielding expected revenue lift of +7.46%.",PASSED,16.09
PROD_12,High-Waist Performance Yoga Pants,Apparel,STORE_02,Bengaluru Tech Park Store,1169.1,1359.87,1274.32,9.0,-6.29,123.3,120.03,-2.65,144148.17,152956.35,6.11,715.9,55878.84,67027.03,HIGH,High historical observation density (>100); Candidate price falls within observed empirical distribution; Demand model demonstrated high validation explanatory power (R²=0.85),"Price increase to INR 1274.32 captures margin while keeping competitor gap at -6.3%, yielding expected revenue lift of +6.11%.",PASSED,19.95
PROD_12,High-Waist Performance Yoga Pants,Apparel,STORE_03,Mumbai High Street Mall,1104.15,1172.8,1203.52,9.0,2.62,145.21,145.92,0.49,160330.21,175613.32,9.53,715.9,56376.58,71151.76,HIGH,High historical observation density (>100); Candidate price falls within observed empirical distribution; Demand model demonstrated high validation explanatory power (R²=0.85),"Price increase to INR 1203.52 captures margin while keeping competitor gap at 2.6%, yielding expected revenue lift of +9.53%.",PASSED,26.21
PROD_12,High-Waist Performance Yoga Pants,Apparel,STORE_04,Kolkata City Center,1299.0,1223.87,1273.02,-2.0,4.02,65.57,66.23,1.01,85178.25,84307.88,-1.02,715.9,38235.13,36896.2,HIGH,High historical observation density (>100); Candidate price falls within observed empirical distribution; Demand model demonstrated high validation explanatory power (R²=0.85),"Price reduction to INR 1273.02 stimulates demand volume (66.23 units), driving expected revenue lift of +-1.02%.",PASSED,-3.5
PROD_13,Digital Touchscreen Air Fryer 4.5L,Home & Kitchen,STORE_01,Delhi Flagship Metro,3999.0,4081.31,4278.93,7.0,4.84,40.88,40.23,-1.59,163468.78,172148.21,5.31,2290.92,69821.89,79980.83,MEDIUM,High historical observation density (>100); Candidate price requires extrapolation outside observed envelope; Demand model demonstrated high validation explanatory power (R²=0.85),"Price increase to INR 4278.93 captures margin while keeping competitor gap at 4.8%, yielding expected revenue lift of +5.31%.",PASSED,14.55
PROD_13,Digital Touchscreen Air Fryer 4.5L,Home & Kitchen,STORE_02,Bengaluru Tech Park Store,3999.0,3919.22,4078.98,2.0,4.08,35.9,35.69,-0.58,143576.14,145577.03,1.39,2290.92,61325.21,63815.09,HIGH,High historical observation density (>100); Candidate price falls within observed empirical distribution; Demand model demonstrated high validation explanatory power (R²=0.85),"Price increase to INR 4078.98 captures margin while keeping competitor gap at 4.1%, yielding expected revenue lift of +1.39%.",PASSED,4.06
PROD_13,Digital Touchscreen Air Fryer 4.5L,Home & Kitchen,STORE_03,Mumbai High Street Mall,3999.0,3952.36,4118.97,3.0,4.22,43.55,43.27,-0.64,174168.94,178225.73,2.33,2290.92,74392.22,79098.79,HIGH,High historical observation density (>100); Candidate price falls within observed empirical distribution; Demand model demonstrated high validation explanatory power (R²=0.85),"Price increase to INR 4118.97 captures margin while keeping competitor gap at 4.2%, yielding expected revenue lift of +2.33%.",PASSED,6.33
PROD_13,Digital Touchscreen Air Fryer 4.5L,Home & Kitchen,STORE_04,Kolkata City Center,3799.05,3659.21,3837.04,1.0,4.86,45.54,45.4,-0.31,173024.67,174215.98,0.69,2290.92,68686.57,70199.64,HIGH,High historical observation density (>100); Candidate price falls within observed empirical distribution; Demand model demonstrated high validation explanatory power (R²=0.85),"Price increase to INR 3837.04 captures margin while keeping competitor gap at 4.9%, yielding expected revenue lift of +0.69%.",PASSED,2.2
PROD_14,High-Speed Smoothie Blender 900W,Home & Kitchen,STORE_01,Delhi Flagship Metro,2155.02,2291.03,2370.52,10.0,3.47,66.4,66.31,-0.14,143101.55,157196.03,9.85,1275.7,58390.2,72600.68,MEDIUM,High historical observation density (>100); Candidate price requires extrapolation outside observed envelope; Demand model demonstrated high validation explanatory power (R²=0.85),"Price increase to INR 2370.52 captures margin while keeping competitor gap at 3.5%, yielding expected revenue lift of +9.85%.",PASSED,24.34
PROD_14,High-Speed Smoothie Blender 900W,Home & Kitchen,STORE_02,Bengaluru Tech Park Store,2089.05,2259.91,2277.06,9.0,0.76,87.75,87.2,-0.63,183322.57,198554.12,8.31,1275.7,71374.75,87316.17,HIGH,High historical observation density (>100); Candidate price falls within observed empirical distribution; Demand model demonstrated high validation explanatory power (R²=0.85),"Price increase to INR 2277.06 captures margin while keeping competitor gap at 0.8%, yielding expected revenue lift of +8.31%.",PASSED,22.33
PROD_14,High-Speed Smoothie Blender 900W,Home & Kitchen,STORE_03,Mumbai High Street Mall,2199.0,2178.08,2286.96,4.0,5.0,64.91,64.42,-0.75,142726.91,147322.92,3.22,1275.7,59927.13,65144.02,HIGH,High historical observation density (>100); Candidate price falls within observed empirical distribution; Demand model demonstrated high validation explanatory power (R²=0.85),"Price increase to INR 2286.96 captures margin while keeping competitor gap at 5.0%, yielding expected revenue lift of +3.22%.",PASSED,8.71
PROD_14,High-Speed Smoothie Blender 900W,Home & Kitchen,STORE_04,Kolkata City Center,2199.0,2077.3,2155.02,-2.0,3.74,40.23,40.88,1.62,88458.43,88097.66,-0.41,1275.7,37141.28,35946.78,HIGH,High historical observation density (>100); Candidate price falls within observed empirical distribution; Demand model demonstrated high validation explanatory power (R²=0.85),"Price reduction to INR 2155.02 stimulates demand volume (40.88 units), driving expected revenue lift of +-0.41%.",PASSED,-3.22
PROD_15,Non-Stick Ceramic Cookware Set 3pc,Home & Kitchen,STORE_01,Delhi Flagship Metro,2239.2,2855.76,2440.73,9.0,-14.53,83.96,78.93,-5.99,187998.45,192646.91,2.47,1615.57,52358.65,65129.91,HIGH,High historical observation density (>100); Candidate price falls within observed empirical distribution; Demand model demonstrated high validation explanatory power (R²=0.85),"Price increase to INR 2440.73 captures margin while keeping competitor gap at -14.5%, yielding expected revenue lift of +2.47%.",PASSED,24.39
PROD_15,Non-Stick Ceramic Cookware Set 3pc,Home & Kitchen,STORE_02,Bengaluru Tech Park Store,2687.04,2912.55,2955.74,10.0,1.48,48.64,48.31,-0.68,130690.02,142780.74,9.25,1615.57,52113.27,64738.6,MEDIUM,High historical observation density (>100); Candidate price requires extrapolation outside observed envelope; Demand model demonstrated high validation explanatory power (R²=0.85),"Price increase to INR 2955.74 captures margin while keeping competitor gap at 1.5%, yielding expected revenue lift of +9.25%.",PASSED,24.23
PROD_15,Non-Stick Ceramic Cookware Set 3pc,Home & Kitchen,STORE_03,Mumbai High Street Mall,2519.1,2742.3,2745.82,9.0,0.13,76.62,76.14,-0.63,193023.65,209071.91,8.31,1615.57,69232.13,86059.37,HIGH,High historical observation density (>100); Candidate price falls within observed empirical distribution; Demand model demonstrated high validation explanatory power (R²=0.85),"Price increase to INR 2745.82 captures margin while keeping competitor gap at 0.1%, yielding expected revenue lift of +8.31%.",PASSED,24.31
PROD_15,Non-Stick Ceramic Cookware Set 3pc,Home & Kitchen,STORE_04,Kolkata City Center,2687.04,2972.27,2955.74,10.0,-0.56,35.89,35.44,-1.25,96440.49,104765.32,8.63,1615.57,38456.11,47501.92,MEDIUM,High historical observation density (>100); Candidate price requires extrapolation outside observed envelope; Demand model demonstrated high validation explanatory power (R²=0.85),"Price increase to INR 2955.74 captures margin while keeping competitor gap at -0.6%, yielding expected revenue lift of +8.63%.",PASSED,23.52
PROD_16,Stainless Steel Electric Kettle 1.8L,Home & Kitchen,STORE_01,Delhi Flagship Metro,899.0,913.77,952.94,6.0,4.29,112.11,112.24,0.12,100782.56,106956.55,6.13,489.76,45877.92,51986.62,MEDIUM,High historical observation density (>100); Candidate price requires extrapolation outside observed envelope; Demand model demonstrated high validation explanatory power (R²=0.85),"Price increase to INR 952.94 captures margin while keeping competitor gap at 4.3%, yielding expected revenue lift of +6.13%.",PASSED,13.32
PROD_16,Stainless Steel Electric Kettle 1.8L,Home & Kitchen,STORE_02,Bengaluru Tech Park Store,899.0,941.87,988.9,10.0,4.99,107.96,106.52,-1.33,97058.02,105341.06,8.53,489.76,44182.45,53170.13,MEDIUM,High historical observation density (>100); Candidate price requires extrapolation outside observed envelope; Demand model demonstrated high validation explanatory power (R²=0.85),"Price increase to INR 988.90 captures margin while keeping competitor gap at 5.0%, yielding expected revenue lift of +8.53%.",PASSED,20.34
PROD_16,Stainless Steel Electric Kettle 1.8L,Home & Kitchen,STORE_03,Mumbai High Street Mall,854.05,925.88,939.45,10.0,1.47,169.19,162.34,-4.05,144496.49,152507.01,5.54,489.76,61634.13,73001.09,HIGH,High historical observation density (>100); Candidate price falls within observed empirical distribution; Demand model demonstrated high validation explanatory power (R²=0.85),"Price increase to INR 939.45 captures margin while keeping competitor gap at 1.5%, yielding expected revenue lift of +5.54%.",PASSED,18.44
PROD_16,Stainless Steel Electric Kettle 1.8L,Home & Kitchen,STORE_04,Kolkata City Center,899.0,958.83,988.9,10.0,3.14,84.47,83.66,-0.96,75940.25,82727.49,8.94,489.76,34569.28,41756.09,MEDIUM,High historical observation density (>100); Candidate price requires extrapolation outside observed envelope; Demand model demonstrated high validation explanatory power (R²=0.85),"Price increase to INR 988.90 captures margin while keeping competitor gap at 3.1%, yielding expected revenue lift of +8.94%.",PASSED,20.79
PROD_17,Whey Isolate Protein Powder 1kg,Health & Care,STORE_01,Delhi Flagship Metro,2609.1,2796.35,2843.92,9.0,1.7,100.74,98.38,-2.34,262837.03,279773.73,6.44,1952.18,66177.19,87725.89,HIGH,High historical observation density (>100); Candidate price falls within observed empirical distribution; Demand model demonstrated high validation explanatory power (R²=0.85),"Price increase to INR 2843.92 captures margin while keeping competitor gap at 1.7%, yielding expected revenue lift of +6.44%.",PASSED,32.56
PROD_17,Whey Isolate Protein Powder 1kg,Health & Care,STORE_02,Bengaluru Tech Park Store,2899.0,2725.98,2841.02,-2.0,4.22,70.97,71.44,0.66,205753.29,202951.23,-1.36,1952.18,67199.49,63495.22,HIGH,High historical observation density (>100); Candidate price falls within observed empirical distribution; Demand model demonstrated high validation explanatory power (R²=0.85),"Price reduction to INR 2841.02 stimulates demand volume (71.44 units), driving expected revenue lift of +-1.36%.",PASSED,-5.51
PROD_17,Whey Isolate Protein Powder 1kg,Health & Care,STORE_03,Mumbai High Street Mall,2754.05,3025.65,3025.65,9.86,0.0,99.78,96.06,-3.73,274786.02,290654.55,5.77,1952.18,80006.78,103121.29,HIGH,High historical observation density (>100); Candidate price falls within observed empirical distribution; Demand model demonstrated high validation explanatory power (R²=0.85),"Price increase to INR 3025.65 captures margin while keeping competitor gap at 0.0%, yielding expected revenue lift of +5.77%.",PASSED,28.89
PROD_17,Whey Isolate Protein Powder 1kg,Health & Care,STORE_04,Kolkata City Center,2319.2,2734.53,2527.93,9.0,-7.56,83.18,81.4,-2.14,192913.6,205770.4,6.66,1952.18,30529.12,46865.34,HIGH,High historical observation density (>100); Candidate price falls within observed empirical distribution; Demand model demonstrated high validation explanatory power (R²=0.85),"Price increase to INR 2527.93 captures margin while keeping competitor gap at -7.6%, yielding expected revenue lift of +6.66%.",PASSED,53.51
PROD_18,Daily Multivitamin & Mineral 60s,Health & Care,STORE_01,Delhi Flagship Metro,499.0,497.26,518.96,4.0,4.36,154.85,154.84,-0.01,77269.42,80353.99,3.99,278.92,34079.06,37166.97,HIGH,High historical observation density (>100); Candidate price falls within observed empirical distribution; Demand model demonstrated high validation explanatory power (R²=0.85),"Price increase to INR 518.96 captures margin while keeping competitor gap at 4.4%, yielding expected revenue lift of +3.99%.",PASSED,9.06
PROD_18,Daily Multivitamin & Mineral 60s,Health & Care,STORE_02,Bengaluru Tech Park Store,424.15,491.56,466.56,10.0,-5.09,189.2,181.55,-4.04,80251.22,84703.66,5.55,278.92,27478.21,34065.92,HIGH,High historical observation density (>100); Candidate price falls within observed empirical distribution; Demand model demonstrated high validation explanatory power (R²=0.85),"Price increase to INR 466.56 captures margin while keeping competitor gap at -5.1%, yielding expected revenue lift of +5.55%.",PASSED,23.97
PROD_18,Daily Multivitamin & Mineral 60s,Health & Care,STORE_03,Mumbai High Street Mall,499.0,517.94,538.92,8.0,4.05,159.57,153.83,-3.6,79626.51,82903.58,4.12,278.92,35118.64,39996.53,MEDIUM,High historical observation density (>100); Candidate price requires extrapolation outside observed envelope; Demand model demonstrated high validation explanatory power (R²=0.85),"Price increase to INR 538.92 captures margin while keeping competitor gap at 4.0%, yielding expected revenue lift of +4.12%.",PASSED,13.89
PROD_18,Daily Multivitamin & Mineral 60s,Health & Care,STORE_04,Kolkata City Center,489.02,489.6,513.47,5.0,4.88,115.63,115.18,-0.39,56545.64,59143.82,4.59,278.92,24293.97,27016.54,HIGH,High historical observation density (>100); Candidate price falls within observed empirical distribution; Demand model demonstrated high validation explanatory power (R²=0.85),"Price increase to INR 513.47 captures margin while keeping competitor gap at 4.9%, yielding expected revenue lift of +4.59%.",PASSED,11.21
PROD_19,Vitamin C Radiance Face Serum 30ml,Health & Care,STORE_01,Delhi Flagship Metro,649.0,698.9,713.9,10.0,2.15,99.08,97.82,-1.27,64304.42,69831.37,8.59,328.0,31805.42,37747.48,MEDIUM,High historical observation density (>100); Candidate price requires extrapolation outside observed envelope; Demand model demonstrated high validation explanatory power (R²=0.85),"Price increase to INR 713.90 captures margin while keeping competitor gap at 2.1%, yielding expected revenue lift of +8.59%.",PASSED,18.68
PROD_19,Vitamin C Radiance Face Serum 30ml,Health & Care,STORE_02,Bengaluru Tech Park Store,616.55,701.8,678.2,10.0,-3.36,135.04,135.61,0.42,83261.0,91969.45,10.46,328.0,38966.77,47489.98,HIGH,High historical observation density (>100); Candidate price falls within observed empirical distribution; Demand model demonstrated high validation explanatory power (R²=0.85),"Price increase to INR 678.20 captures margin while keeping competitor gap at -3.4%, yielding expected revenue lift of +10.46%.",PASSED,21.87
PROD_19,Vitamin C Radiance Face Serum 30ml,Health & Care,STORE_03,Mumbai High Street Mall,551.65,704.29,595.78,8.0,-15.41,157.55,156.41,-0.72,86913.83,93185.04,7.22,328.0,35236.61,41883.06,HIGH,High historical observation density (>100); Candidate price falls within observed empirical distribution; Demand model demonstrated high validation explanatory power (R²=0.85),"Price increase to INR 595.78 captures margin while keeping competitor gap at -15.4%, yielding expected revenue lift of +7.22%.",PASSED,18.86
PROD_19,Vitamin C Radiance Face Serum 30ml,Health & Care,STORE_04,Kolkata City Center,584.1,671.18,642.51,10.0,-4.27,116.4,113.93,-2.12,67987.83,73199.14,7.67,328.0,29809.42,35831.14,HIGH,High historical observation density (>100); Candidate price falls within observed empirical distribution; Demand model demonstrated high validation explanatory power (R²=0.85),"Price increase to INR 642.51 captures margin while keeping competitor gap at -4.3%, yielding expected revenue lift of +7.67%.",PASSED,20.2
PROD_20,Broad-Spectrum Sunscreen Gel SPF50,Health & Care,STORE_01,Delhi Flagship Metro,420.0,441.99,462.0,10.0,4.53,132.82,134.72,1.43,55785.81,62242.8,11.57,217.73,26866.18,32909.2,MEDIUM,High historical observation density (>100); Candidate price requires extrapolation outside observed envelope; Demand model demonstrated high validation explanatory power (R²=0.85),"Price increase to INR 462.00 captures margin while keeping competitor gap at 4.5%, yielding expected revenue lift of +11.57%.",PASSED,22.49
PROD_20,Broad-Spectrum Sunscreen Gel SPF50,Health & Care,STORE_02,Bengaluru Tech Park Store,411.6,393.11,411.6,0.0,4.7,114.69,114.69,0.0,47204.79,47204.79,0.0,217.73,22234.19,22234.19,HIGH,High historical observation density (>100); Candidate price falls within observed empirical distribution; Demand model demonstrated high validation explanatory power (R²=0.85),Current price INR 411.60 is already at the optimal balance point.,PASSED,0.0
PROD_20,Broad-Spectrum Sunscreen Gel SPF50,Health & Care,STORE_03,Mumbai High Street Mall,420.0,430.52,449.4,7.0,4.39,132.81,132.46,-0.26,55781.65,59528.01,6.72,217.73,26864.18,30687.26,MEDIUM,High historical observation density (>100); Candidate price requires extrapolation outside observed envelope; Demand model demonstrated high validation explanatory power (R²=0.85),"Price increase to INR 449.40 captures margin while keeping competitor gap at 4.4%, yielding expected revenue lift of +6.72%.",PASSED,14.23
PROD_20,Broad-Spectrum Sunscreen Gel SPF50,Health & Care,STORE_04,Kolkata City Center,420.0,410.02,428.4,2.0,4.48,98.62,98.76,0.14,41421.66,42308.32,2.14,217.73,19948.47,20805.54,HIGH,High historical observation density (>100); Candidate price falls within observed empirical distribution; Demand model demonstrated high validation explanatory power (R²=0.85),"Price increase to INR 428.40 captures margin while keeping competitor gap at 4.5%, yielding expected revenue lift of +2.14%.",PASSED,4.3
